1,200103578,The Environmental Science Guide,Christopher King,2023-10-29,2023-11-05
2,200103127,The Environmental Science Guide,James Rodriguez,2023-10-19,2023-10-26
3,220103047,The Art of Learning,Charlotte Walker,2023-10-17,2023-10-24
4,,The Computer Science Handbook,Mia Lewis,,
5,,The Environmental Science Guide,Sophia Taylor,,
6,,The Sociology of Society,James Rodriguez,,
7,,The Science of Success,James Rodriguez,,
8,210103021,The Sociology of Society,James Rodriguez,2023-11-04,2023-11-11
9,220103461,The Economics of Money,Charlotte Walker,2023-10-30,2023-11-06
10,220103047,The Chemistry of Life,Daniel Thompson,2023-11-12,2023-11-19
11,,The Physics of Motion,Charlotte Walker,,
12,220103004,The Computer Science Handbook,William Moore,2023-10-31,2023-11-07
13,220103074,The Language of Literature,Olivia Martinez,2023-09-28,2023-10-05
14,200103210,The Chemistry of Life,David Anderson,2023-10-26,2023-11-02
15,200103210,The Science of Success,Andrew Hall,2023-10-24,2023-10-31
16,,The Sociology of Society,William Moore,,
17,,The Physics of Motion,James Rodriguez,,
18,220103050,The Science of Success,Isabella Clark,2023-10-08,2023-10-15
19,210103095,The Environmental Science Guide,Joseph Lee,2023-11-13,2023-11-20
20,220103014,The Geography of World,Joseph Lee,2023-11-16,2023-11-23
21,200103127,The Philosophy of Ethics,William Moore,2023-10-24,2023-10-31
22,200103138,The Music Theory Workbook,Olivia Martinez,2023-10-25,2023-11-01
23,,The Chemistry of Life,Emily Johnson,,
24,210103246,The Art of Learning,David Anderson,2023-10-06,2023-10-13
25,210103489,Exploring the Universe,Olivia Martinez,2023-09-28,2023-10-05
26,220103047,The Philosophy of Ethics,Andrew Hall,2023-09-29,2023-10-06
27,220103047,The Computer Science Handbook,James Rodriguez,2023-10-27,2023-11-03
28,,The Business of Entrepreneurship,Matthew Thomas,,
29,210103021,The Art History Encyclopedia,David Anderson,2023-11-16,2023-11-23
30,210103246,The Art History Encyclopedia,Christopher King,2023-10-21,2023-10-28
