4,1,Allyce Capenor,Structural Analysis Engineer
7,2,Charmion Bicker,Developer IV
6,3,Koo Danilenko,Design Engineer
15,4,Ulla Duffitt,Legal Assistant
15,5,Joachim Matelaitis,Clinical Specialist
14,6,Eolande Heaphy,Information Systems Manager
8,7,Lea Mountford,Senior Developer
1,8,Tresa Lukasik,Quality Engineer
3,9,Sephira Stichel,Budget/Accounting Analyst I
2,10,Staci Jore,Structural Engineer
4,11,Diarmid McIlenna,Quality Engineer
7,12,Dale Waldron,Executive Secretary
6,13,Mady Leggin,Tax Accountant
4,14,Padgett Eddoes,Clinical Specialist
14,15,Bobbi Casbourne,Structural Analysis Engineer
12,16,Cinderella Barnaby,Structural Engineer
1,17,Bernardo Charters,Administrative Officer
12,18,Gretna Hallut,Quality Engineer
2,19,Wakefield Sneden,Graphic Designer
8,20,Corrianne Elgee,Administrative Assistant IV
13,21,Shanon Toft,Nuclear Power Engineer
4,22,Norah Nipper,Senior Quality Engineer
6,23,Gabbi Slayford,VP Product Management
11,24,Ruthie Saxon,Food Chemist
1,25,Dru Lascelles,Software Test Engineer II
3,26,Raff Erickson,Community Outreach Specialist
6,27,Giuseppe Titman,Information Systems Manager
4,28,Claretta Lehenmann,Business Systems Development Analyst
1,29,Nanon Chesson,Desktop Support Technician
1,30,Dionis Feragh,Biostatistician III
9,31,Adrienne Udell,Teacher
5,32,Dicky Danaher,Associate Professor
9,33,Prent Creaven,Sales Representative
2,34,Alasteir Guerrero,Assistant Media Planner
8,35,Freeman Trevna,Help Desk Technician
15,36,Delinda Yaxley,Senior Sales Associate
5,37,Abba De Carolis,VP Accounting
11,38,Nicola Whordley,Software Consultant
1,39,Jule Smye,VP Accounting
7,40,Cyrillus Jennemann,Staff Accountant III
