220103288,Foreign Language Scholar,Outstanding Achievement Award,2022-05-03
220103074,Perfect Attendance Award,Customer Service Excellence Award,2022-05-07
210103235,Future Scientist,Leadership Excellence Award,2023-03-16
200103091,History Buff,Customer Service Excellence Award,2021-05-11
210103235,Future Scientist,Excellence in Innovation Award,2021-07-22
220103468,Most Improved Student,Outstanding Achievement Award,2023-11-23
220103014,Perfect Attendance Award,Excellence in Innovation Award,2023-03-16
210103246,Outstanding Science Achievement,Best Performance Award,2021-05-08
220103004,Computer Science Whiz,Best Performance Award,2023-10-21
220103074,Foreign Language Scholar,Best Performance Award,2023-08-04
220103047,Musician of the Year,Best Performance Award,2023-06-03
220103198,Sportsmanship Award,Outstanding Achievement Award,2023-02-28
210103235,Sportsmanship Award,Outstanding Achievement Award,2022-01-22
220103089,Perfect Attendance Award,Customer Service Excellence Award,2023-10-09
220103288,Most Improved Student,Excellence in Innovation Award,2023-02-26
200103578,Sportsmanship Award,Excellence in Innovation Award,2023-04-12
220103089,Outstanding Science Achievement,Outstanding Achievement Award,2022-12-27
220103288,Musician of the Year,Best Performance Award,2023-12-29
220103215,Foreign Language Scholar,Customer Service Excellence Award,2023-08-31
220103014,Community Service Recognition,Customer Service Excellence Award,2023-07-28
